PassName,Partnered,SkiResortName,SkiRegion,Address,Latitude,Longitude,WebsiteUrl,TrailMapUrl
Epic,FALSE,Park City,Rockies,,40.65897761,-111.5468906,https://www.parkcitymountain.com/,
Epic,FALSE,Beaver Creek,Rockies,,39.60177444,-106.5316756,https://www.beavercreek.com/,
Epic,FALSE,Vail,Rockies,,39.60623527,-106.3549395,https://www.vail.com/,
Epic,FALSE,Keystone,Rockies,,39.58178153,-105.9436903,https://www.keystoneresort.com/,
Epic,FALSE,BreckenRidge,Rockies,,39.47938163,-106.0727269,https://www.breckenridge.com/,
Epic,FALSE,Crested Butte,Rockies,"12 Snowmass Rd, Crested Butte, CO 81225",38.89936498,-106.9656952,https://www.skicb.com/,
Epic,TRUE,Telluride (partnered),Rockies,,37.91922587,-107.8379297,https://tellurideskiresort.com/,
Epic,FALSE,Stevens Pass,West,,47.74511932,-121.0902108,http://www.stevenspass.com/,
Epic,FALSE,Northstar,West,"5001 Northstar Dr, Truckee, CA 96161",39.26497946,-120.1331426,https://www.northstarcalifornia.com/,
Epic,FALSE,Heavenly,West,,38.92951276,-119.9054455,https://www.skiheavenly.com/,
Epic,FALSE,Kirkwood,West,"1501 Kirkwood Meadows Dr, Kirkwood, CA 95646",38.68482672,-120.0651558,https://www.kirkwood.com/,
Epic,FALSE,Stowe,Northeast,"5781 Mountain Rd, Stowe, VT 05672",44.52755863,-72.78395418,https://www.stowe.com/,
Epic,FALSE,Okemo,Northeast,,43.41169226,-72.72788013,https://www.okemo.com/,
Epic,FALSE,Mount Snow,Northeast,"39 Mount Snow Road, West Dover, VT 05356",42.96878449,-72.89451462,https://www.mountsnow.com/,
Epic,FALSE,Mount Sunapee,Northeast,"1398 New Hampshire Rte 103, Newbury, NH 03255",43.33154832,-72.08037241,http://www.mountsunapee.com/,
Epic,FALSE,Wildcat,Northeast,,44.26422601,-71.23936797,https://www.skiwildcat.com/,
Epic,FALSE,Attitash,Northeast,"775 US-302, Bartlett, NH 03812",44.08287884,-71.22942154,http://www.attitash.com/,
Epic,FALSE,Crotched,Northeast,"615 Francestown Rd, Bennington, NH 03442",43.01215525,-71.87890861,http://www.crotchedmtn.com/,
Epic,FALSE,Hunter,Northeast,"64 Klein Ave, Hunter, NY 12442",42.20298252,-74.224712,https://www.huntermtn.com/,
Epic,FALSE,Afton Alps,Midwest,"6600 Peller Ave S, Hastings, MN 55033",44.85775201,-92.7878813,http://www.aftonalps.com/,
Epic,FALSE,Wilmot,Midwest,"11931 Fox River Rd, Wilmot, WI 53192",42.49902593,-88.18767093,http://www.wilmotmountain.com/,
Epic,FALSE,Mt Brighton,Midwest,"4141 Bauer Rd, Brighton, MI 48116",42.54098804,-83.81161825,http://mtbrighton.com/,
Epic,FALSE,Snow Creek,Midwest,"1 Snow Creek Dr, Weston, MO 64098",39.467371,-94.97075233,http://www.skisnowcreek.com/,
Epic,FALSE,Hidden Valley,Midwest,"17409 Hidden Valley Dr, Eureka, MO 63025",38.53540067,-90.65073271,http://www.hiddenvalleyski.com/,
Epic,FALSE,Paoli Peaks,Midwest,"2798 W County Rd 25 S, Paoli, IN 47454",38.55563708,-86.51228414,http://www.paolipeaks.com/,
Epic,FALSE,Mad River,Midwest,"1000 Snow Valley Rd, Zanesfield, OH 43360",40.31817825,-83.67778852,http://www.skimadriver.com/,
Epic,FALSE,Boston Mills,Midwest,"7100 Riverview Rd, Peninsula, OH 44264",41.26497251,-81.56442311,http://www.bmbw.com/,
Epic,FALSE,Brandywine,Midwest,"1146 W Highland Rd, Northfield, OH 44067",41.28523927,-81.55167901,http://www.bmbw.com/,
Epic,FALSE,Alpine Valley,Midwest,"10620 Mayfield Rd, Chesterland, OH 44026",41.55046524,-81.27243798,http://www.alpinevalleyohio.com/,
Epic,FALSE,Jack Frost,Mid Atlantic,"434 Jack Frost Mountain Rd, White Haven, PA 18661",41.10812624,-75.65304541,http://www.jfbb.com/,
Epic,FALSE,Big Boulder,Mid Atlantic,"357 Big Boulder Dr, Lake Harmony, PA 18624",41.05041144,-75.60128199,https://www.jfbb.com/,
Epic,FALSE,Roundtop,Mid Atlantic,"925 Roundtop Rd, Lewisberry, PA 17339",40.10963106,-76.9274419,http://www.skiroundtop.com/,
Epic,FALSE,Liberty,Mid Atlantic,"78 Country Club Trail, Fairfield, PA 17320",39.76380839,-77.37542681,https://www.libertymountainresort.com/,
Epic,FALSE,Whitetail,Mid Atlantic,"13805 Blairs Valley Rd, Mercersburg, PA 17236",39.74200052,-77.93330864,http://www.skiwhitetail.com/,
Epic,FALSE,Laurel,Mid Atlantic,"374 Summit Ski Rd, Boswell, PA 15531",40.16396003,-79.16534038,http://www.laurelmountainski.com/,
Epic,FALSE,Hidden Valley,Mid Atlantic,,41.18754549,-74.48244661,https://www.hiddenvalleyresort.com/,
Epic,FALSE,Seven Springs,Mid Atlantic,"777 Water Wheel Dr, Champion, PA 15622",40.02312448,-79.29771392,https://www.7springs.com/,
Epic,FALSE,Whistler Blackcomb,Canada,"4545 Blackcomb Way, Whistler, BC V0N 1B4, Canada",50.11505328,-122.9486259,https://www.whistlerblackcomb.com/,
Epic,TRUE,Kicking Horse,Canada,"1500 Kicking Horse Trail, Golden, BC V0A 1H0, Canada",51.29762241,-117.0482623,http://kickinghorseresort.com/,
Epic,TRUE,Nakiska,Canada,"2 Mt Allan Dr, Kananaskis, AB T0L 2H0, Canada",50.94277135,-115.1510985,http://www.skinakiska.com/,
Epic,TRUE,Kimberley,Canada,"301 N Star Blvd, Kimberley, BC V1A 2Y5, Canada",49.68798282,-116.0048894,http://www.skikimberley.com/,
Epic,TRUE,Fernie,Canada,"5339 Fernie Ski Hill Rd, Fernie, BC V0B 1M6, Canada",49.46290535,-115.0873709,http://www.skifernie.com/,
Epic,TRUE,Mont-Sainte-Anne,Canada,"2000 Bd du Beau Pré, Beaupré, QC G0A 1E0, Canada",47.07717255,-70.9071038,https://mont-sainte-anne.com/,
Epic,TRUE,Stoneham,Canada,"600 Chem. du Hibou, Stoneham-et-Tewkesbury, QC G3C 1T3, Canada",47.02720188,-71.3828492,https://ski-stoneham.com/,
Epic,FALSE,Crans-Montana,Switzerland,"3963 Crans-Montana, Switzerland",46.31268024,7.480590305,https://www.crans-sur-sierre.ch/,
Epic,FALSE,Andermatt-Sedrun-Disentis,Switzerland,"Bahnhofpl. 3, 6490 Andermatt, Switzerland",46.63776255,8.592938097,https://andermatt-sedrun-disentis.ch/,
Epic,TRUE,Skirama Dolomiti,Italy,,,,,
Epic,TRUE,Ski Arlberg,Austria,,,,,
Epic,TRUE,Verbier 4 vallees,Switzerland,,,,,
Epic,TRUE,Les 3 Vallees,France,,,,,
Epic,FALSE,Perisher,Australia,,,,,
Epic,FALSE,Falls Creek,Australia,,,,,
Epic,FALSE,Mount Hotham,Australia,,,,,
Epic,TRUE,Hakuba Valley,Japan,,,,,
Epic,TRUE,Rusutsu,Japan,,,,,
Ikon,FALSE,Palisades Tahoe,USA West,"1960 Olympic Vly Rd, Olympic Valley, CA 96146",39.19771819,-120.2348807,https://www.palisadestahoe.com/,
Ikon,TRUE,Sierra-at-Tahoe,USA West,"1111 Sierra-At-Tahoe Rd, Twin Bridges, CA 95735",38.80125902,-120.0825048,https://www.sierraattahoe.com/,
Ikon,FALSE,Mammoth Mountain,USA West,"10001 Minaret Rd, Mammoth Lakes, CA 93546",37.6508769,-119.0372756,https://www.mammothmountain.com/,
Ikon,FALSE,June Mountain,USA West,"3819 CA-158, June Lake, CA 93529",37.76806256,-119.0909476,http://www.junemountain.com/,
Ikon,FALSE,Big Bear Mountain Resort,USA West,"880 Summit Blvd, Big Bear Lake, CA 92315",34.23684026,-116.8893756,https://www.bigbearmountainresort.com/,
Ikon,FALSE,Snow Valley,USA West,"35100 CA-18, Running Springs, CA 92382",34.22530686,-117.0353148,https://www.bigbearmountainresort.com/,
Ikon,TRUE,Sun Valley,USA Pacific NW,"1 Sun Valley Rd, Sun Valley, ID 83353",43.69573032,-114.3537057,https://www.sunvalley.com/,
Ikon,TRUE,Alyeska Resort,USA Pacific NW,"1000 Arlberg Ave, Girdwood, AK 99587",60.97052234,-149.0982548,https://www.alyeskaresort.com/,
Ikon,FALSE,Crystal Mountain Resort,USA Pacific NW,"33914 Crystal Mountain Blvd. Enumclaw, WA 98022",46.93535123,-121.4747318,https://www.crystalmountainresort.com/,
Ikon,TRUE,The Summit at Snoqualmie,USA Pacific NW,"1001 WA-906, Snoqualmie Pass, WA 98068",47.40528218,-121.4128043,https://www.summitatsnoqualmie.com/,
Ikon,TRUE,Mt. Bachelor,USA Pacific NW,"13000 SW Century Dr Bend, OR 97702",43.98989108,-121.6847003,https://www.mtbachelor.com,
Ikon,FALSE,Schweitzer,USA Pacific NW,"10000 Schweitzer Mountain Rd, Sandpoint, ID 83864",48.36749186,-116.6234021,https://www.schweitzer.com/,
Ikon,TRUE,Aspen Snowmass,USA Rockies,,39.20916591,-106.9494791,https://www.aspensnowmass.com/,
Ikon,FALSE,Steamboat,USA Rockies,,40.45808015,-106.8036781,https://www.steamboat.com/,
Ikon,FALSE,Winter Park Resort,USA Rockies,"85 Parsenn Rd, Winter Park, CO 80482",39.88690899,-105.7633153,https://www.winterparkresort.com/,
Ikon,TRUE,Copper Mountain,USA Rockies,"509 Copper Rd, Frisco, CO 80443",39.50045733,-106.1557864,http://www.coppercolorado.com/,
Ikon,FALSE,Arapahoe Basin,USA Rockies,,39.64251533,-105.8720566,https://arapahoebasin.com/,
Ikon,TRUE,Eldora Mountain Resort,USA Rockies,,39.93728634,-105.5826881,http://www.eldora.com/,
Ikon,TRUE,Jackson Hole Mountain Resort,USA Rockies,,43.58710879,-110.8304293,https://www.jacksonhole.com/,
Ikon,TRUE,Big Sky Resort,USA Rockies,"50 Big Sky Resort Rd, Big Sky, MT 59716",45.28454471,-111.4000319,https://bigskyresort.com/,
Ikon,TRUE,Taos Ski Valley,USA Rockies,"116 Sutton Pl, Taos Ski Valley, NM 87525",36.59480165,-105.4500532,https://www.skitaos.com/,
Ikon,FALSE,Deer Valley Resort,USA Rockies,"2250 Deer Valley Dr S, Park City, UT 84060",40.6225278,-111.4886245,https://www.deervalley.com/,
Ikon,FALSE,Solitude Mountain Resort,USA Rockies,"12000 Big Cottonwood Canyon Rd, Solitude, UT 84121",40.62094708,-111.5921893,https://www.solitudemountain.com/,
Ikon,TRUE,Brighton,USA Rockies,"8302 S Brighton Loop Rd, Brighton, UT 84121",40.59846739,-111.5838577,http://www.brightonresort.com/,
Ikon,TRUE,Alta Ski Area,USA Rockies,,40.58861184,-111.638793,https://www.alta.com/,
Ikon,TRUE,Snowbird,USA Rockies,"9385 Snowbird Ctr Dr, Snowbird, UT 84092",40.58112414,-111.6565102,https://www.snowbird.com/,
Ikon,TRUE,Snowbasin,USA Rockies,"3925 E. Snowbasin Road Huntsville, Utah 84317",41.21573774,-111.8570783,https://www.snowbasin.com/,
Ikon,TRUE,The Highlands,USA Midwest,"600 Highlands Dr, Harbor Springs, MI 49740",45.46472766,-84.92656718,https://www.highlandsharborsprings.com/,
Ikon,TRUE,Boyne Mountain,USA Midwest,"1 Boyne Mountain Rd, Boyne Falls, MI 49713",45.16374868,-84.92953535,https://www.boynemountain.com/,
Ikon,FALSE,Stratton,USA East,"5 Village Lodge Rd, Stratton Mountain, VT 05155",43.11353911632209,-72.90813783,https://www.stratton.com/,https://www.stratton.com/-/media/stratton/pdfs/maps/23-24-trailmap.pdf
Ikon,FALSE,Sugarbush Resort,USA East,,44.13638523365427,-72.90837139,https://www.sugarbush.com/,
Ikon,TRUE,Pico,USA East,"73 Alpine Dr, Mendon, VT 05701",43.66178712,-72.84276009,https://www.picomountain.com/,https://cms.picomountain.com/sites/default/files/2024-11/W24-25_Pico_TrailMap-compressed.pdf
Ikon,TRUE,Killington,USA East,,43.62020755205171,-72.80680993,https://www.killington.com/,https://cms.killington.com/sites/default/files/2024-09/KILLINGTON%20winter-01.2%2009172024forWEB.pdf
Ikon,TRUE,Windham Mountain Club,USA East,"19 Resort Dr, Windham, NY 12496",42.29377420735225,-74.25673283,https://www.windhammountainclub.com/,https://www.windhammountainclub.com/wp-content/uploads/2024/12/WINDHAM-01.6-12032024forWEBkey.pdf
Ikon,FALSE,Snowshoe Mountain,USA East,"10 Snowshoe Dr, Snowshoe, WV 26209",38.40298306560268,-79.99392244,https://www.snowshoemtn.com/,https://www.snowshoemtn.com/-/media/snowshoe/maps/trailmapw2024.pdf?rev=d028e069744e4755a272aaf8cbc74b74
Ikon,TRUE,Sunday River,USA East,"15 S Ridge Rd, Newry, ME 04261",44.47369084232717,-70.85654813,https://www.sundayriver.com/,https://cdn.sanity.io/files/k8yfdmw9/sunday-river/78ea8affe8a94b5bcd3257e17f6f17db4adca4eb.pdf
Ikon,TRUE,Sugarloaf,USA East,"5092 Access Rd, Carrabassett Valley, ME 04947",45.05406820869762,-70.30862241,https://www.sugarloaf.com/,https://cdn.sanity.io/files/k8yfdmw9/sugarloaf/f8fd3145c1a3eef2dcedf93b66e558c0809b4957.pdf
Ikon,TRUE,Loon Mountain,USA East,"60 Loon Mountain Rd. Lincoln, NH 03251",44.056468127507046,-71.63366357,https://www.loonmtn.com/,https://cdn.sanity.io/files/k8yfdmw9/loon/4ba449c959dd1a4ea4547e7a6cc6defc9e2103f7.jpg
Ikon,TRUE,Camelback Resort,USA East,"193 Resort Dr, Tannersville, PA 18372",41.04938511411533,-75.35131592,https://www.camelbackresort.com/,https://www.camelbackresort.com/wp-content/uploads/2024/10/2024-25-Trail-Map-with-Legend-1536x1152.png
Ikon,TRUE,Blue Mountain Resort,USA East,"1660 Blue Mountain Dr, Palmerton, PA 18071",40.81083157,-75.52082106,http://www.skibluemt.com/,https://www.skibluemt.com/wp-content/uploads/2023/11/Trail-Map-23-24-1024x879.jpg
Ikon,TRUE,SkiBig3,Canada West,,51.17751553,-115.5710228,https://www.skibig3.com/,
Ikon,TRUE,Revelstoke Mountain Resort,Canada West,"2950 Camozzi Rd, Revelstoke, BC V0E 2S1, Canada",50.95868727,-118.162763,https://www.revelstokemountainresort.com/,
Ikon,TRUE,Cypress Mountain,Canada West,"6000 Cypress Bowl Rd, West Vancouver, BC V7V 3N9, Canada",49.39603889,-123.2045879,https://cypressmountain.com/,
Ikon,TRUE,RED Mountain,Canada West,"4300 Old Red Mountain Road, Rossland, BC V0G 1Y0, Canada",49.10251298,-117.8194705,https://www.redresort.com/,
Ikon,TRUE,Panorama,Canada West,"2000 Panorama Dr, Panorama, BC V0A 1T0, Canada",50.46033468,-116.2380348,https://www.panoramaresort.com/,
Ikon,TRUE,Sun Peaks Resort,Canada West,,50.88388376,-119.8891012,https://www.sunpeaksresort.com/,
Ikon,FALSE,Tremblant,Canada East,,46.2171947,-74.55805187,https://www.tremblant.ca/,https://medias.tremblant.ca/pdf/cartes/carte-pistes-tremblant.pdf
Ikon,FALSE,Blue Mountain,Canada East,,44.50129271,-80.31616408,https://www.bluemountain.ca/,https://www.bluemountain.ca/-/media/blue-mountain/mountain-report/maps/fy25/winter/maps/bmr-winter-25-mountain-web.pdf
Ikon,TRUE,Valle Nevado,Chile,,-33.35577788,-70.2525563,https://www.vallenevado.com/en/,
Ikon,TRUE,Grandvalira Resorts Andorra,Andorra,,42.5786838,1.646307373,https://www.grandvalira.com/en,
Ikon,TRUE,Kitzbühel,Austria,,47.44901463,12.39154894,https://www.kitzbuehel.com/en/,
Ikon,TRUE,Chamonix Mont-Blanc Valley,France,,45.92355961,6.871979167,https://en.chamonix.com/chamonix-mont-blanc-valley/the-village-resorts/chamonix-mont-blanc,
Ikon,TRUE,Dolomiti Superski,Italy,,46.57403377,11.65208439,https://www.dolomitisuperski.com/en/home,
Ikon,TRUE,Zermatt Matterhorn,Switzerland,,46.00500178,7.755431115,https://www.matterhornparadise.ch/en/experience/skiing,
Ikon,TRUE,St. Moritz,Switzerland,,46.49726131,9.82836183,https://www.stmoritz.com/,
Ikon,TRUE,Thredbo,Australia,,-36.4975625,148.3118387,https://www.thredbo.com.au/,
Ikon,TRUE,Mt Buller,Australia,,-37.14656206,146.4472524,http://mtbuller.com.au/,
Ikon,TRUE,"Coronet Peak, The Remarkables, Mt Hutt",New Zealand,,-44.92708942,168.7362618,https://www.coronetpeak.co.nz/,
Ikon,TRUE,Niseko United,Japan,,42.87805228,140.6602085,https://www.niseko.ne.jp/en/,
Ikon,TRUE,Arai Mountain Resort,Japan,,36.9895617,138.1801098,https://www.lottehotel.com/arai-resort/en/ski-webzine.html,
Indy,FALSE,49 Degrees North,,,48.3010898,-117.6042013,https://www.indyskipass.com/our-resorts/49-degrees-north,
Indy,FALSE,Amihari Onsen Ski Resort,,,39.82130298,140.9362351,https://www.indyskipass.com/our-resorts/amihari-onsen-ski-resort,
Indy,FALSE,Andes Tower Hills,,,45.850975,-95.6330774,https://www.indyskipass.com/our-resorts/andes-tower-hills,
Indy,FALSE,Ani Ski Resort,,,39.9573111,140.4950898,https://www.indyskipass.com/our-resorts/ani-ski-resort,
Indy,FALSE,Antelope Butte,,,44.6124452,-107.5171051,https://www.indyskipass.com/our-resorts/antelope-butte,
Indy,FALSE,Aomori Spring Ski Resort,,,40.693185,140.2767197,https://www.indyskipass.com/our-resorts/aomori-spring-ski-resort,
Indy,FALSE,Apex Mountain Resort,,,49.3908831,-119.9060377,https://www.indyskipass.com/our-resorts/apex-mountain-resort,
Indy,FALSE,Arctic Valley,,,61.2465242,-149.5350607,https://www.indyskipass.com/our-resorts/arctic-valley,
Indy,FALSE,Baldy Mountain Resort,,,49.1530415,-119.2411421,https://www.indyskipass.com/our-resorts/baldy-mountain-resort,
Indy,FALSE,Baqueira/Beret,,,42.6952103,0.9064088,https://www.indyskipass.com/our-resorts/baqueiraberet,
Indy,FALSE,Bear Creek,,,40.4813472,-75.6496577,https://www.indyskipass.com/our-resorts/bear-creek,
Indy,FALSE,Bear Valley Adventure Company,,,38.46289573,-120.0379791,https://www.indyskipass.com/our-resorts/bear-valley-adventure-company,
Indy,FALSE,Bear Valley Mountain Resort,,,38.4788547,-120.0628751,https://www.indyskipass.com/our-resorts/bear-valley-mountain-resort,
Indy,FALSE,Beaver Mountain,,,41.968075,-111.5467243,https://www.indyskipass.com/our-resorts/beaver-mountain,
Indy,FALSE,Berkshire East Mountain Resort,,,42.6211485,-72.8797153,https://www.indyskipass.com/our-resorts/berkshire-east-mountain-resort,
Indy,FALSE,Big Moose,,,45.50726286,-69.70191972,https://www.indyskipass.com/our-resorts/big-moose,
Indy,FALSE,Big Powderhorn,,,46.5090372,-90.0982872,https://www.indyskipass.com/our-resorts/big-powderhorn,
Indy,FALSE,Big Rock Mountain,,,46.5223714,-67.8353602,https://www.indyskipass.com/our-resorts/big-rock-mountain,
Indy,FALSE,Big White Ski Resort,,,49.7216277,-118.9291592,https://www.indyskipass.com/our-resorts/big-white-ski-resort,
Indy,FALSE,Black Jack Cross Country Ski Club,,,49.28574187,-117.7299099,https://www.indyskipass.com/our-resorts/black-jack-cross-country-ski-club,
Indy,FALSE,Black Mountain of Maine,,,44.5769444,-70.6159136,https://www.indyskipass.com/our-resorts/black-mountain-of-maine,
Indy,FALSE,Black Mountain Ski Area,,,44.1666811,-71.168649,https://www.indyskipass.com/our-resorts/black-mountain-ski-area,
Indy,FALSE,Blacktail Mountain Resort,,,48.0148365,-114.3721471,https://www.indyskipass.com/our-resorts/blacktail-mountain-resort,
Indy,FALSE,Blue Knob All Season Resort,,,40.2885997,-78.5666261,https://www.indyskipass.com/our-resorts/blue-knob-all-season-resort,
Indy,FALSE,Bolton Valley Resort,,,44.4223862,-72.8538529,https://www.indyskipass.com/our-resorts/bolton-valley-resort,
Indy,FALSE,Bottineau Winter Park,,,48.950695,-100.4775329,https://www.indyskipass.com/our-resorts/bottineau-winter-park,
Indy,FALSE,Bousquet Mountain,,,42.4190908,-73.2791733,https://www.indyskipass.com/our-resorts/bousquet-mountain-0,
Indy,FALSE,Bruce Mound Winter Sports Area,,,44.4462814,-90.7882194,https://www.indyskipass.com/our-resorts/bruce-mound-winter-sports-area,
Indy,FALSE,Brundage Mountain Resort,,,45.0054,-116.1569924,https://www.indyskipass.com/our-resorts/brundage-mountain-resort,
Indy,FALSE,Bryce Resort,,,38.8174554,-78.7682726,https://www.indyskipass.com/our-resorts/bryce-resort,
Indy,FALSE,Buck Hill,,,44.724844,-93.2862539,https://www.indyskipass.com/our-resorts/buck-hill,
Indy,TRUE,Burke Mountain,,,44.62870605,-71.91029195,https://www.indyskipass.com/our-resorts/burke-mountain,
Indy,FALSE,Caberfae Peaks,,,44.2447088,-85.7231528,https://www.indyskipass.com/our-resorts/caberfae-peaks,
Indy,FALSE,Calabogie Peaks Resort,,,45.274401,-76.7829706,https://www.indyskipass.com/our-resorts/calabogie-peaks-resort,
Indy,FALSE,Caledonia Nordic Ski Club,,,53.97075291,-122.8726574,https://www.indyskipass.com/our-resorts/caledonia-nordic-ski-club,
Indy,FALSE,Camden Snow Bowl,,,44.21769844,-69.13146676,https://www.indyskipass.com/our-resorts/camden-snow-bowl,
Indy,FALSE,Camp Fortune,,,45.5090169,-75.8537991,https://www.indyskipass.com/our-resorts/camp-fortune,
Indy,FALSE,Canaan Valley,,,39.02918667,-79.46069824,https://www.indyskipass.com/our-resorts/canaan-valley,
Indy,FALSE,Cannon Mountain,,,44.1773749,-71.7044046,https://www.indyskipass.com/our-resorts/cannon-mountain,
Indy,FALSE,Cape Smokey,,,46.62761529,-60.42188864,https://www.indyskipass.com/our-resorts/cape-smokey,
Indy,FALSE,Cascade Welcome Center,,,44.2412103,-73.9263423,https://www.indyskipass.com/our-resorts/cascade-welcome-center,
Indy,FALSE,Castle Mountain Resort,,,49.3191188,-114.4151632,https://www.indyskipass.com/our-resorts/castle-mountain-resort,
Indy,FALSE,Cataloochee Ski Area,,,35.5592351,-83.0949862,https://www.indyskipass.com/our-resorts/cataloochee-ski-area,
Indy,FALSE,Catamount Mountain Resort,,,42.1690998,-73.4795061,https://www.indyskipass.com/our-resorts/catamount-mountain-resort,
Indy,FALSE,Catamount Outdoor Family Center,,,44.44831645,-73.04883333,https://www.indyskipass.com/our-resorts/catamount-outdoor-family-center,
Indy,FALSE,Cazenovia Ski Club,,,42.97673,-75.8582938,https://www.indyskipass.com/our-resorts/cazenovia-ski-club,
Indy,TRUE,Cherry Peak,,,41.63624485,-112.0126752,https://www.indyskipass.com/our-resorts/cherry-peak,
Indy,FALSE,Chestnut Mountain Resort,,,42.319017,-90.3963733,https://www.indyskipass.com/our-resorts/chestnut-mountain-resort,
Indy,FALSE,China Peak,,,37.2364356,-119.1599511,https://www.indyskipass.com/our-resorts/china-peak,
Indy,FALSE,Christie Mountain,,,45.5090962,-91.3833987,https://www.indyskipass.com/our-resorts/christie-mountain,
Indy,FALSE,Cooper Spur Ski Area,,,45.4124145,-121.607698,https://www.indyskipass.com/our-resorts/cooper-spur-ski-area,
Indy,FALSE,Crosscut Mountain Sports Center,,,45.84794645,-110.8021558,https://www.indyskipass.com/our-resorts/crosscut-mountain-sports-center,
Indy,FALSE,Crystal Mountain,,,44.52010072,-85.99161557,https://www.indyskipass.com/our-resorts/crystal-mountain,
Indy,FALSE,Crystal Ridge,,,42.9208017,-88.0172624,https://www.indyskipass.com/our-resorts/crystal-ridge,
Indy,FALSE,Cupid Valley,,,37.0552643,138.4817142,https://www.indyskipass.com/our-resorts/cupid-valley,
Indy,FALSE,Dartmouth Skiway,,,43.787748,-72.1021183,https://www.indyskipass.com/our-resorts/dartmouth-skiway,
Indy,FALSE,Detroit Mountain,,,46.8130854,-95.785864,https://www.indyskipass.com/our-resorts/detroit-mountain,
Indy,FALSE,Dodge Ridge,,,38.1898028,-119.9584442,https://www.indyskipass.com/our-resorts/dodge-ridge,
Indy,FALSE,Dog Creek Lodge & Nordic Center,,,48.59110985,-114.6061667,https://www.indyskipass.com/our-resorts/dog-creek-lodge-nordic-center,
Indy,FALSE,Dynaland,,,35.9902088,136.8679602,https://www.indyskipass.com/our-resorts/dynaland,
Indy,FALSE,Eagle Point,,,38.3203245,-112.3864365,https://www.indyskipass.com/our-resorts/eagle-point,
Indy,FALSE,Eaglecrest,,,58.2745312,-134.5153968,https://www.indyskipass.com/our-resorts/eaglecrest,
Indy,FALSE,Echo Mountain,,,39.6845817,-105.5219731,https://www.indyskipass.com/our-resorts/echo-mountain,
Indy,FALSE,Enchanted Forest XC,,,36.7001562,-105.3505175,https://www.indyskipass.com/our-resorts/enchanted-forest-xc,
Indy,FALSE,Ercİyes Ski Resort,,,37.8781927,34.014505,https://www.indyskipass.com/our-resorts/erciyes-ski-resort,
Indy,FALSE,Fairmont Hot Springs,,,50.3388251,-115.8307703,https://www.indyskipass.com/our-resorts/fairmont-hot-springs,
Indy,FALSE,Garnet Hill XC,,,43.7124502,-74.1073436,https://www.indyskipass.com/our-resorts/garnet-hill-xc,
Indy,FALSE,Geto Kogen,,,39.2366246,140.9036806,https://www.indyskipass.com/our-resorts/geto-kogen,
Indy,FALSE,Glencoe Mountain Resort,,,56.6324409,-4.8278692,https://www.indyskipass.com/our-resorts/glencoe-mountain-resort,
Indy,FALSE,Granby Ranch,,,40.0446489,-105.9089128,https://www.indyskipass.com/our-resorts/granby-ranch,
Indy,FALSE,Granite Peak,,,44.9253444,-89.6958047,https://www.indyskipass.com/our-resorts/granite-peak,
Indy,FALSE,Great Bear Ski Valley,,,43.57814995,-96.66392463,https://www.indyskipass.com/our-resorts/great-bear-ski-valley,
Indy,FALSE,Greek Peak Mountain Resort,,,42.5085935,-76.1474284,https://www.indyskipass.com/our-resorts/greek-peak-mountain-resort,
Indy,FALSE,Hardwood Ski and Bike,,,44.5176652,-79.594334,https://www.indyskipass.com/our-resorts/hardwood-ski-and-bike,
Indy,FALSE,Hatley Pointe,,,35.95429562,-82.50886775,https://www.indyskipass.com/our-resorts/hatley-pointe,
Indy,FALSE,Hickory Ski Center,,,43.47620872,-73.81688182,https://www.indyskipass.com/our-resorts/hickory-ski-center,
Indy,FALSE,High Point XC Ski Center,,,41.30625,-74.6733403,https://www.indyskipass.com/our-resorts/high-point-xc-ski-center,
Indy,FALSE,Hirugano Kogen Ski Resort,,,36.0055471,136.9036975,https://www.indyskipass.com/our-resorts/hirugano-kogen-ski-resort,
Indy,FALSE,Hoedown Hill,,,40.4520656,-104.9338958,https://www.indyskipass.com/our-resorts/hoedown-hill,
Indy,FALSE,Homestake Lodge,,,45.9052331,-112.3834782,https://www.indyskipass.com/our-resorts/homestake-lodge,
Indy,FALSE,Hoodoo,,,44.4086439,-121.8739961,https://www.indyskipass.com/our-resorts/hoodoo,
Indy,FALSE,Howelsen Hill,,,40.4833683,-106.8405524,https://www.indyskipass.com/our-resorts/howelsen-hill,
Indy,FALSE,Hudson Bay Mountain,,,54.76580661,-127.2689951,https://www.indyskipass.com/our-resorts/hudson-bay-mountain,
Indy,FALSE,Huff Hills Ski Area,,,46.627425,-100.7257943,https://www.indyskipass.com/our-resorts/huff-hills-ski-area,
Indy,FALSE,Hunt Hollow Ski Club,,,42.645996,-77.4806785,https://www.indyskipass.com/our-resorts/hunt-hollow-ski-club,
Indy,FALSE,Hurricane Ridge,,,47.9699846,-123.4977155,https://www.indyskipass.com/our-resorts/hurricane-ridge,
Indy,FALSE,Innsbruck Ski & City Network,,,47.1953877,11.1618082,https://www.indyskipass.com/our-resorts/innsbruck-ski-city-network,
Indy,FALSE,Jackson XC,,,44.1455635,-71.1875049,https://www.indyskipass.com/our-resorts/jackson-xc,
Indy,FALSE,Jay Peak Resort,,,44.9379013,-72.5073526,https://www.indyskipass.com/our-resorts/jay-peak-resort,
Indy,FALSE,Kamui Ski Links,,,43.704967,142.1845217,https://www.indyskipass.com/our-resorts/kamui-ski-links,
Indy,FALSE,Kelly Canyon,,,43.6460169,-111.6324654,https://www.indyskipass.com/our-resorts/kelly-canyon,
Indy,FALSE,Kimberley Nordic Club,,,49.6822765,-116.0095172,https://www.indyskipass.com/our-resorts/kimberley-nordic-club,
Indy,TRUE,King Pine,,,43.86828018,-71.08894472,https://www.indyskipass.com/our-resorts/king-pine,
Indy,FALSE,Kiroro Snow World,,,43.0663934,140.9833059,https://www.indyskipass.com/our-resorts/kiroro-snow-world,
Indy,FALSE,Leavenworth Winter Sports Club,,,47.6141122,-120.6712683,https://www.indyskipass.com/our-resorts/leavenworth-winter-sports-club,
Indy,FALSE,Little Switzerland,,,43.3379806,-88.2815214,https://www.indyskipass.com/our-resorts/little-switzerland,
Indy,FALSE,Loch Lomond,,,48.2939871,-89.3508156,https://www.indyskipass.com/our-resorts/loch-lomond,
Indy,FALSE,Lost Trail Powder Mountain,,,45.6922649,-113.9546482,https://www.indyskipass.com/our-resorts/lost-trail-powder-mountain,
Indy,FALSE,Lost Valley ,,,44.1360699,-70.2855319,https://www.indyskipass.com/our-resorts/lost-valley,
Indy,FALSE,Loup Loup Ski Bowl,,,48.3943616,-119.9135503,https://www.indyskipass.com/our-resorts/loup-loup-ski-bowl,
Indy,FALSE,Loveland Ski Area,,,39.6800625,-105.9005334,https://www.indyskipass.com/our-resorts/loveland-ski-area,
Indy,FALSE,Lutsen Mountains,,,47.663713,-90.716136,https://www.indyskipass.com/our-resorts/lutsen-mountains,
Indy,FALSE,Madarao Ski Resort,,,36.8524572,138.2880255,https://www.indyskipass.com/our-resorts/madarao-ski-resort,
Indy,FALSE,Magic Mountain,,,43.20191601,-72.77132459,https://www.indyskipass.com/our-resorts/magic-mountain,
Indy,FALSE,Maiko Resort,,,36.98226596,138.8244564,https://www.indyskipass.com/our-resorts/maiko-resort,
Indy,FALSE,Malá Úpa ,,,50.7201426,15.5505559,https://www.indyskipass.com/our-resorts/mala-upa,
Indy,FALSE,Manning Park,,,49.0701941,-120.9521503,https://www.indyskipass.com/our-resorts/manning-park,
Indy,FALSE,Manning Park XC,,,49.063089,-120.7897713,https://www.indyskipass.com/our-resorts/manning-park-xc,
Indy,FALSE,Maple Ski Ridge,,,42.8170709,-74.0371723,https://www.indyskipass.com/our-resorts/maple-ski-ridge,
Indy,FALSE,Maplelag Resort,,,47.009156,-95.7793197,https://www.indyskipass.com/our-resorts/maplelag-resort,
Indy,FALSE,Marquette Mountain,,,46.5082074,-87.42339,https://www.indyskipass.com/our-resorts/marquette-mountain,
Indy,FALSE,Massanutten Resort,,,38.4035359,-78.7572956,https://www.indyskipass.com/our-resorts/massanutten-resort,
Indy,FALSE,Massif du Sud ,,,46.621511,-70.5247494,https://www.indyskipass.com/our-resorts/massif-du-sud,
Indy,TRUE,McIntyre Ski Area,,,43.00755388,-71.44381919,https://www.indyskipass.com/our-resorts/mcintyre-ski-area,
Indy,FALSE,Meadowlark Ski Resort,,,44.1636263,-107.2238357,https://www.indyskipass.com/our-resorts/meadowlark-ski-resort,
Indy,FALSE,Methow Trails XC,,,48.4681634,-120.1825961,https://www.indyskipass.com/our-resorts/methow-trails-xc,
Indy,FALSE,Middlebury Snowbowl,,,43.93902993,-72.95772668,https://www.indyskipass.com/our-resorts/middlebury-snowbowl,
Indy,FALSE,Minocqua Winter Park,,,45.830018,-89.8977884,https://www.indyskipass.com/our-resorts/minocqua-winter-park,
Indy,FALSE,Mission Ridge,,,47.2924657,-120.4024513,https://www.indyskipass.com/our-resorts/mission-ridge,
Indy,FALSE,Mohawk Mountain,,,41.838231,-73.3176389,https://www.indyskipass.com/our-resorts/mohawk-mountain,
Indy,FALSE,Mont Rigaud,,,45.4680559,-74.4091987,https://www.indyskipass.com/our-resorts/mont-rigaud,
Indy,TRUE,Mont Ripley Ski Area,,,47.12809236,-88.56009945,https://www.indyskipass.com/our-resorts/mont-ripley-ski-area,
Indy,FALSE,Montage Mountain,,,41.3512429,-75.6654972,https://www.indyskipass.com/our-resorts/montage-mountain,
Indy,FALSE,Montana Snowbowl,,,47.014436,-114.0021483,https://www.indyskipass.com/our-resorts/montana-snowbowl,
Indy,FALSE,Moose Mountain,,,64.94122683,-147.990682,https://www.indyskipass.com/our-resorts/moose-mountain,
Indy,FALSE,Mount Baldy Ski Area,,,48.5258002,-89.1308235,https://www.indyskipass.com/our-resorts/mount-baldy-ski-area,
Indy,FALSE,Mount Kato,,,44.1331301,-94.0359465,https://www.indyskipass.com/our-resorts/mount-kato,
Indy,FALSE,Mountain High,,,34.3769418,-117.6941045,https://www.indyskipass.com/our-resorts/mountain-high,
Indy,FALSE,Mt. Abram,,,44.37973496,-70.70681126,https://www.indyskipass.com/our-resorts/mt-abram,
Indy,FALSE,Mt. Holiday,,,44.7423148,-85.5135188,https://www.indyskipass.com/our-resorts/mt-holiday,
Indy,FALSE,Mt. Hood Meadows,,,45.3317552,-121.6677651,https://www.indyskipass.com/our-resorts/mt-hood-meadows,
Indy,FALSE,Mt. Racey Ski Resort,,,43.0503785,141.9688449,https://www.indyskipass.com/our-resorts/mt-racey-ski-resort,
Indy,FALSE,Mt. Shasta,,,41.321106,-122.2060823,https://www.indyskipass.com/our-resorts/mt-shasta,
Indy,FALSE,Mt. Washington,,,49.80450975,-125.2614094,https://www.indyskipass.com/our-resorts/mt-washington,
Indy,FALSE,Muica Snow Resort,,,37.0719009,138.8433196,https://www.indyskipass.com/our-resorts/muica-snow-resort,
Indy,FALSE,Nayoro Piyashiri Ski Resort,,,44.40454724,142.5138906,https://www.indyskipass.com/our-resorts/nayoro-piyashiri-ski-resort,
Indy,FALSE,Nelson Nordic Ski Club,,,49.409235,-117.2137275,https://www.indyskipass.com/our-resorts/nelson-nordic-ski-club,
Indy,FALSE,Nickel Plate Cross Country Ski Club,,,49.383699,-119.9567878,https://www.indyskipass.com/our-resorts/nickel-plate-cross-country-ski-club,
Indy,FALSE,Ninox Snow Park,,,37.9268164,139.4653277,https://www.indyskipass.com/our-resorts/ninox-snow-park,
Indy,FALSE,Nordic Mountain,,,44.1214576,-89.1838618,https://www.indyskipass.com/our-resorts/nordic-mountain,
Indy,FALSE,Norway Mountain,,,45.7894874,-87.8724272,https://www.indyskipass.com/our-resorts/norway-mountain,
Indy,FALSE,Nubs Nob,,,45.471166,-84.9069303,https://www.indyskipass.com/our-resorts/nubs-nob-0,
Indy,FALSE,Ober Mountain,,,35.7031411,-83.5608417,https://www.indyskipass.com/our-resorts/ober-mountain,
Indy,FALSE,Okunakayama Kogen,,,40.0874,141.1715197,https://www.indyskipass.com/our-resorts/okunakayama-kogen,
Indy,FALSE,Palcall Tsumagoi Resort,,,36.55600189,138.4640234,https://www.indyskipass.com/our-resorts/palcall-tsumagoi-resort,
Indy,FALSE,Pass Powderkeg,,,49.60297943,-114.4492817,https://www.indyskipass.com/our-resorts/pass-powderkeg,
Indy,FALSE,Pats Peak,,,43.1639733,-71.8002399,https://www.indyskipass.com/our-resorts/pats-peak,
Indy,TRUE,Paul Bunyan Ski Hill,,,45.32571999,-88.52408214,https://www.indyskipass.com/our-resorts/paul-bunyan-ski-hill,
Indy,FALSE,Peek ‘n Peak,,,42.0623302,-79.7381204,https://www.indyskipass.com/our-resorts/peek-n-peak,
Indy,FALSE,Phoenix Mountain,,,49.103709,-118.5866193,https://www.indyskipass.com/our-resorts/phoenix-mountain,
Indy,FALSE,Pine Mountain,,,45.8391227,-88.0913177,https://www.indyskipass.com/our-resorts/pine-mountain,
Indy,FALSE,Pippu Ski Resort,,,43.9331104,142.4972506,https://www.indyskipass.com/our-resorts/pippu-ski-resort,
Indy,FALSE,Pomerelle Mountain Resort,,,42.3179871,-113.6103326,https://www.indyskipass.com/our-resorts/pomerelle-mountain-resort,
Indy,FALSE,Powder Ridge,,,45.3438676,-94.3075934,https://www.indyskipass.com/our-resorts/powder-ridge,
Indy,FALSE,Powderhorn,,,39.07000715,-108.1508398,https://www.indyskipass.com/our-resorts/powderhorn,
Indy,FALSE,Quarry Road Trails,,,44.5826282,-69.6605718,https://www.indyskipass.com/our-resorts/quarry-road-trails,
Indy,FALSE,Ragged Mountain,,,43.48542581,-71.84227592,https://www.indyskipass.com/our-resorts/ragged-mountain,
Indy,FALSE,Rangeley Lakes Trail Center,,,44.9564326,-70.5684757,https://www.indyskipass.com/our-resorts/rangeley-lakes-trail-center,
Indy,FALSE,Red Lodge,,,45.19147328,-109.3352328,https://www.indyskipass.com/our-resorts/red-lodge,
Indy,FALSE,Rikert Nordic Center,,,43.954787,-72.9936673,https://www.indyskipass.com/our-resorts/rikert-nordic-center,
Indy,FALSE,Saddleback Mountain,,,44.9462173,-70.5296617,https://www.indyskipass.com/our-resorts/saddleback-mountain,
Indy,FALSE,Saskadena Six Ski Area,,,43.6650614,-72.5458462,https://www.indyskipass.com/our-resorts/saskadena-six-ski-area,
Indy,FALSE,Sasquatch Mountain Resort,,,49.379918,-121.9380493,https://www.indyskipass.com/our-resorts/sasquatch-mountain-resort,
Indy,FALSE,Schuss Mountain at Shanty Creek,,,44.940947,-85.1357063,https://www.indyskipass.com/our-resorts/schuss-mountain-at-shanty-creek,
Indy,FALSE,Shames Mountain,,,54.484131,-128.9553952,https://www.indyskipass.com/our-resorts/shames-mountain,
Indy,FALSE,Shawnee Mountain Ski Area,,,41.03977382,-75.08480066,https://www.indyskipass.com/our-resorts/shawnee-mountain-ski-area,
Indy,FALSE,Shimokura,,,39.8990404,140.9543099,https://www.indyskipass.com/our-resorts/shimokura,
Indy,FALSE,Silver Mountain,,,47.4950187,-116.1343218,https://www.indyskipass.com/our-resorts/silver-mountain,
Indy,FALSE,Skaneateles Ski Club,,,42.91535333,-76.33377842,https://www.indyskipass.com/our-resorts/skaneateles-ski-club,
Indy,FALSE,Ski Big Bear,,,41.5233005,-75.0278006,https://www.indyskipass.com/our-resorts/ski-big-bear,
Indy,FALSE,Ski Bluewood,,,46.0824682,-117.853694,https://www.indyskipass.com/our-resorts/ski-bluewood,
Indy,FALSE,Ski Sawmill,,,41.5209883,-77.2925621,https://www.indyskipass.com/our-resorts/ski-sawmill,
Indy,FALSE,SkiWelt,,,47.4787937,12.2008647,https://www.indyskipass.com/our-resorts/skiwelt,
Indy,FALSE,Snow King Mountain Resort,,,43.4728087,-110.7586156,https://www.indyskipass.com/our-resorts/snow-king-mountain-resort,
Indy,FALSE,Snow Ridge,,,43.6397477,-75.4249888,https://www.indyskipass.com/our-resorts/snow-ridge,
Indy,FALSE,Snowriver,,,46.50092153,-89.96680128,https://www.indyskipass.com/our-resorts/snowriver,
Indy,FALSE,Snowstar,,,41.425203,-90.7487552,https://www.indyskipass.com/our-resorts/snowstar,
Indy,FALSE,Soldier Mountain,,,43.484719,-114.8394912,https://www.indyskipass.com/our-resorts/soldier-mountain,
Indy,FALSE,Sovereign Lake Nordic Club,,,50.36244,-119.1077133,https://www.indyskipass.com/our-resorts/sovereign-lake-nordic-club,
Indy,FALSE,Spirit Mountain,,,46.7182684,-92.2167365,https://www.indyskipass.com/our-resorts/spirit-mountain,
Indy,FALSE,Sundown Mountain,,,42.5152436,-90.8217712,https://www.indyskipass.com/our-resorts/sundown-mountain,
Indy,FALSE,Sunlight Mountain Resort,,,39.3997821,-107.341345,https://www.indyskipass.com/our-resorts/sunlight-mountain-resort,
Indy,FALSE,Sunrise Park,,,33.9737271,-109.5668086,https://www.indyskipass.com/our-resorts/sunrise-park,
Indy,FALSE,Swain Resort,,,42.4765984,-77.8577131,https://www.indyskipass.com/our-resorts/swain-resort,
Indy,FALSE,Swiss Valley,,,41.9546966,-85.8299194,https://www.indyskipass.com/our-resorts/swiss-valley,
Indy,FALSE,Takasu Snow Park,,,35.9982091,136.8747543,https://www.indyskipass.com/our-resorts/takasu-snow-park,
Indy,FALSE,Tamarack Mountain Resort,,,44.6707683,-116.1256351,https://www.indyskipass.com/our-resorts/tamarack-mountain-resort,
Indy,FALSE,Tangram Ski Circus,,,36.8533811,138.2604231,https://www.indyskipass.com/our-resorts/tangram-ski-circus,
Indy,FALSE,Tazawako,,,39.7623337,140.7681328,https://www.indyskipass.com/our-resorts/tazawako,
Indy,FALSE,Telemark Nordic Center,,,49.863107,-119.7175073,https://www.indyskipass.com/our-resorts/telemark-nordic-center,
Indy,FALSE,Terry Peak,,,44.3345768,-103.8429043,https://www.indyskipass.com/our-resorts/terry-peak,
Indy,FALSE,Titus Mountain,,,44.7634267,-74.2378371,https://www.indyskipass.com/our-resorts/titus-mountain,
Indy,FALSE,Togakushi Ski Resort,,,36.754361,138.0920507,https://www.indyskipass.com/our-resorts/togakushi-ski-resort,
Indy,FALSE,Trapp Family Lodge,,,44.4654613,-72.7477526,https://www.indyskipass.com/our-resorts/trapp-family-lodge,
Indy,FALSE,Tree Tops Resort,,,45.0343188,-84.5887653,https://www.indyskipass.com/our-resorts/tree-tops-resort,
Indy,FALSE,Trollhaugen,,,45.3513159,-92.6206738,https://www.indyskipass.com/our-resorts/trollhaugen,
Indy,FALSE,Turpin Meadow Ranch,,,43.8549223,-110.2708794,https://www.indyskipass.com/our-resorts/turpin-meadow-ranch,
Indy,FALSE,Tussey Mountain,,,40.769202,-77.7565121,https://www.indyskipass.com/our-resorts/tussey-mountain,
Indy,FALSE,Tyrol Basin Ski and Snowboard,,,43.0447546,-89.7855207,https://www.indyskipass.com/our-resorts/tyrol-basin-ski-and-snowboard,
Indy,FALSE,Washigatake Ski Resort,,,35.942471,136.9169811,https://www.indyskipass.com/our-resorts/washigatake-ski-resort,
Indy,FALSE,Waterville Valley Resort,,,43.96581488,-71.528136,https://www.indyskipass.com/our-resorts/waterville-valley-resort,
Indy,FALSE,West Mountain,,,43.285651,-73.7278653,https://www.indyskipass.com/our-resorts/west-mountain,
Indy,FALSE,Whaleback Mountain,,,43.601705,-72.1828453,https://www.indyskipass.com/our-resorts/whaleback-mountain,
Indy,FALSE,White Grass Ski Touring,,,39.019,-79.4242803,https://www.indyskipass.com/our-resorts/white-grass-ski-touring,
Indy,FALSE,White Pass,,,46.6366469,-121.3950684,https://www.indyskipass.com/our-resorts/white-pass,
Indy,FALSE,White Pine Touring Nordic Center,,,40.66233179,-111.5135009,https://www.indyskipass.com/our-resorts/white-pine-touring-nordic-center,
Indy,FALSE,Whitehorse Nordic Centre,,,60.7306527,-135.1040097,https://www.indyskipass.com/our-resorts/whitehorse-nordic-centre,
Indy,FALSE,WhitePIA Takasu,,,35.9558168,136.9300044,https://www.indyskipass.com/our-resorts/whitepia-takasu,
Indy,FALSE,Whitepine Mountain Resort,,,42.9736669,-109.7824737,https://www.indyskipass.com/our-resorts/whitepine-mountain-resort,
Indy,FALSE,Williams Lake Cross Country Ski Club,,,52.2464628,-122.1228259,https://www.indyskipass.com/our-resorts/williams-lake-cross-country-ski-club,
Indy,FALSE,Wintergreen,,,37.93049275,-78.93929387,https://www.indyskipass.com/our-resorts/wintergreen,
Indy,FALSE,Winterplace Ski Resort,,,37.596639,-81.128918,https://www.indyskipass.com/our-resorts/winterplace-ski-resort,
Indy,FALSE,Wisp,,,39.55746327,-79.36323202,https://www.indyskipass.com/our-resorts/wisp,
Indy,FALSE,Woodstock Nordic Center,,,43.6151845,-72.5187081,https://www.indyskipass.com/our-resorts/woodstock-nordic-center,
Indy,FALSE,Yuzawa Nakazato Snow Resort,,,36.9141426,138.8490268,https://www.indyskipass.com/our-resorts/yuzawa-nakazato-snow-resort,
